"","x"
"Feature_1",5.04692286807809
"Feature_2",3.80102033515975
"Feature_3",4.23944322417975
"Feature_4",5.96491307379063
"Feature_5",3.90688290753228
"Feature_6",7.10935382451066
"Feature_7",4.30442704860693
"Feature_9",2.00464102024031
"Feature_10",5.38865979025938
"Feature_11",3.79186682959409
"Feature_12",7.86570329715482
"Feature_13",7.9853916417742
"Feature_14",4.57252891170856
"Feature_15",3.22421444616058
"Feature_16",6.90907314619723
"Feature_17",4.69077314250899
"Feature_18",4.33607438667191
"Feature_19",3.7057177205424
"Feature_20",4.50069547873543
"Feature_21",4.627006096156
"Feature_22",7.53732794216032
"Feature_23",4.95729415629283
"Feature_24",6.72899412383643
"Feature_25",9.24696458962197
"Feature_26",5.83942311504885
"Feature_27",4.92204037831818
"Feature_28",8.18841856212894
"Feature_29",6.72045874685405
"Feature_30",2.27547098823237
"Feature_31",7.4221905871828
"Feature_32",4.31610319929885
"Feature_33",4.60905165555032
"Feature_35",3.24117141943487
"Feature_36",5.92735727488358
"Feature_37",4.94117143375239
"Feature_38",6.16558898385144
"Feature_39",4.21108753487167
"Feature_40",4.33364631431716
"Feature_41",5.37046096369095
"Feature_42",7.47900668901727
"Feature_43",4.52569915779195
"Feature_44",5.00092168015629
"Feature_45",2.7760434563734
"Feature_46",2.40459470422336
"Feature_47",3.65970672304572
"Feature_48",6.15493724674297
"Feature_49",9.1588511861725
"Feature_50",5.06995559538022
"Feature_2103",0
